"","time","popo","linear_coal"
"1",0,0,0
"2",0,0,0
"3",0,0,5e-05
"4",0,0,5e-05
"5",0,0,1e-04
"6",0,0,1e-04
"7",0,0,0.00015
"8",0,0,0.00015
"9",0,0,2e-04
"10",0,0,2e-04
"11",0,0,0.00025
"12",0,0,0.00025
"13",0,0,3e-04
"14",0,0,3e-04
"15",0,0,0.00035
"16",0,0,0.00035
"17",0,0,4e-04
"18",0,0,4e-04
"19",0,0,0.00045
"20",0,0,0.00045
"21",0,0,5e-04
"22",0,0,5e-04
"23",0,0,0.00055
"24",0,0,0.00055
"25",0,0,6e-04
"26",0,0,6e-04
"27",0,0,0.00065
"28",0,0,0.00065
"29",0,0,7e-04
"30",0,0,7e-04
"31",0,0,0.00075
"32",0,0,0.00075
"33",0,0,8e-04
"34",0,0,8e-04
"35",0,0,0.00085
"36",0,0,0.00085
"37",0,0,9e-04
"38",0,0,9e-04
"39",0,0,0.00095
"40",0,0,0.00095
"41",0,0,0.001
"42",0,0,0.001
"43",0,0,0.00105
"44",0,0,0.00105
"45",0,0,0.0011
"46",0,0,0.0011
"47",0,0,0.00115
"48",0,0,0.00115
"49",0,0,0.0012
"50",0,0,0.0012
"51",0,0,0.00125
"52",0,0,0.00125
"53",0,0,0.0013
"54",0,0,0.0013
"55",0,0,0.00135
"56",0,0,0.00135
"57",0,0,0.0014
"58",0,0,0.0014
"59",0,0,0.00145
"60",0,0,0.00145
"61",0,0,0.0015
"62",0,0,0.0015
"63",0,0,0.00155
"64",0,0,0.00155
"65",0,0,0.0016
"66",0,0,0.0016
"67",0,0,0.00165
"68",0,0,0.00165
"69",0,0,0.0017
"70",0,0,0.0017
"71",0,0,0.00175
"72",0,0,0.00175
"73",0,0,0.0018
"74",0,0,0.0018
"75",0,0,0.00185
"76",0,0,0.00185
"77",0,0,0.0019
"78",0,0,0.0019
"79",0,0,0.00195
"80",0,0,0.00195
"81",0,0,0.002
"82",0,0,0.002
"83",0,0,0.00205
"84",0,0,0.00205
"85",0,0,0.0021
"86",0,0,0.0021
"87",0,0,0.00215
"88",0,0,0.00215
"89",0,0,0.0022
"90",0,0,0.0022
"91",0,0,0.00225
"92",0,0,0.00225
"93",0,0,0.0023
"94",0,0,0.0023
"95",0,0,0.00235
"96",0,0,0.00235
"97",0,0,0.0024
"98",0,0,0.0024
"99",0,0,0.00245
"100",0,0,0.00245
"101",0,0,0.0025
"102",0,0,0.0025
"103",0,0,0.00255
"104",0,0,0.00255
"105",0,0,0.0026
"106",0,0,0.0026
"107",0,0,0.00265
"108",0,0,0.00265
"109",0,0,0.0027
"110",0,0,0.0027
"111",0,0,0.00275
"112",0,0,0.00275
"113",0,0,0.0028
"114",0,0,0.0028
"115",0,0,0.00285
"116",0,0,0.00285
"117",0,0,0.0029
"118",0,0,0.0029
"119",0,0,0.00295
"120",0,0,0.00295
"121",0,0,0.003
"122",0,0,0.003
"123",0,0,0.00305
"124",0,0,0.00305
"125",0,0,0.0031
"126",0,0,0.0031
"127",0,0,0.00315
"128",0,0,0.00315
"129",0,0,0.0032
"130",0,0,0.0032
"131",0,0,0.00325
"132",0,0.0200390761985872,0.00325
"133",0,0.0200390761985872,0.0033
"134",0,0.0400781523971744,0.0033
"135",0,0.0400781523971744,0.00335
"136",0,0.0200390761985874,0.00335
"137",0,0.0200390761985874,0.0034
"138",0,0.120234457191523,0.0034
"139",0,0.120234457191523,0.00345
"140",0,0.200390761985872,0.00345
"141",0,0.200390761985872,0.0035
"142",0,0.541055057361854,0.0035
"143",0,0.541055057361854,0.00355
"144",0,0.581133209759029,0.00355
"145",0,0.581133209759029,0.0036
"146",0,1.08211011472372,0.0036
"147",0,1.08211011472372,0.00365
"148",0,1.96382946746154,0.00365
"149",0,1.96382946746154,0.0037
"150",0,3.18621311557536,0.0037
"151",0,3.18621311557536,0.00375
"152",0,4.18816692550476,0.00375
"153",0,4.18816692550476,0.0038
"154",0,7.13391112669698,0.0038
"155",0,7.13391112669698,0.00385
"156",0,9.89930364210216,0.00385
"157",0,9.89930364210216,0.0039
"158",0,14.2477831771956,0.0039
"159",0,14.2477831771956,0.00395
"160",0,20.7404438655376,0.00395
"161",0,20.7404438655376,0.004
"162",0,29.4975201643206,0.004
"163",0,29.4975201643206,0.00405
"164",0,39.837683482791,0.00405
"165",0,39.837683482791,0.0041
"166",0,55.9691398226545,0.0041
"167",0,55.9691398226545,0.00415
"168",0,72.6416512198792,0.00415
"169",0,72.6416512198792,0.0042
"170",0,95.9270577626361,0.0042
"171",0,95.9270577626361,0.00425
"172",0,119.773558438957,0.00425
"173",0,119.773558438957,0.0043
"174",0,154.841941786482,0.0043
"175",0,154.841941786482,0.00435
"176",0,192.415209658836,0.00435
"177",0,192.415209658836,0.0044
"178",0,237.18250588648,0.0044
"179",0,237.18250588648,0.00445
"180",0,284.574921096134,0.00445
"181",0,284.574921096134,0.0045
"182",0,342.147187014681,0.0045
"183",0,342.147187014681,0.00455
"184",0,398.577225589896,0.00455
"185",0,398.577225589896,0.0046
"186",0,462.02094083463,0.0046
"187",0,462.02094083463,0.00465
"188",0,529.171885176097,0.00465
"189",0,529.171885176097,0.0047
"190",0,596.342868593751,0.0047
"191",0,596.342868593751,0.00475
"192",0,654.075447121892,0.00475
"193",0,654.075447121892,0.0048
"194",0,724.372526426524,0.0048
"195",0,724.372526426524,0.00485
"196",0,775.852913180707,0.00485
"197",0,775.852913180707,0.0049
"198",0,812.724813386108,0.0049
"199",0,812.724813386108,0.00495
"200",0,864.345473673654,0.00495
"201",0,864.345473673654,0.005
"202",0,883.442713290923,0.005
"203",0,883.442713290923,0.00505
"204",0,905.465658033154,0.00505
"205",0,905.465658033154,0.0051
"206",0,896.5282300486,0.0051
"207",0,896.5282300486,0.00515
"208",0,903.742297480092,0.00515
"209",0,903.742297480092,0.0052
"210",0,882.20029056661,0.0052
"211",0,882.20029056661,0.00525
"212",0,860.057111367156,0.00525
"213",0,860.057111367156,0.0053
"214",0,816.191573568449,0.0053
"215",0,816.191573568449,0.00535
"216",0,775.492209809133,0.00535
"217",0,775.492209809133,0.0054
"218",0,723.310455388011,0.0054
"219",0,723.310455388011,0.00545
"220",0,669.98647362357,0.00545
"221",0,669.98647362357,0.0055
"222",0,604.238264615994,0.0055
"223",0,604.238264615994,0.00555
"224",0,546.846350383241,0.00555
"225",0,546.846350383241,0.0056
"226",0,486.14798857773,0.0056
"227",0,486.14798857773,0.00565
"228",0,430.198887831274,0.00565
"229",0,430.198887831274,0.0057
"230",0,374.390060618208,0.0057
"231",0,374.390060618208,0.00575
"232",0,315.815840889731,0.00575
"233",0,315.815840889731,0.0058
"234",0,270.487450528528,0.0058
"235",0,270.487450528528,0.00585
"236",0,227.784179149343,0.00585
"237",0,227.784179149343,0.0059
"238",0,186.483643104054,0.0059
"239",0,186.483643104054,0.00595
"240",0,155.162567005662,0.00595
"241",0,155.162567005662,0.006
"242",0,125.304343469765,0.006
"243",0,125.304343469765,0.00605
"244",0,103.361555032312,0.00605
"245",0,103.361555032312,0.0061
"246",0,82.1401733380096,0.0061
"247",0,82.1401733380096,0.00615
"248",0,64.2452782926711,0.00615
"249",0,64.2452782926711,0.0062
"250",0,51.3401132207808,0.0062
"251",0,51.3401132207808,0.00625
"252",0,38.0341666249182,0.00625
"253",0,38.0341666249182,0.0063
"254",0,30.8601773458245,0.0063
"255",0,30.8601773458245,0.00635
"256",0,22.2634136566302,0.00635
"257",0,22.2634136566302,0.0064
"258",0,16.3919643304445,0.0064
"259",0,16.3919643304445,0.00645
"260",0,12.7648915385002,0.00645
"261",0,12.7648915385002,0.0065
"262",0,10.1798507088822,0.0065
"263",0,10.1798507088822,0.00655
"264",0,6.55277791693807,0.00655
"265",0,6.55277791693807,0.0066
"266",0,4.56890937327784,0.0066
"267",0,4.56890937327784,0.00665
"268",0,3.78738540153301,0.00665
"269",0,3.78738540153301,0.0067
"270",0,2.64515805821353,0.0067
"271",0,2.64515805821353,0.00675
"272",0,1.78347778167428,0.00675
"273",0,1.78347778167428,0.0068
"274",0,0.901758428936416,0.0068
"275",0,0.901758428936416,0.00685
"276",0,0.801563047943481,0.00685
"277",0,0.801563047943481,0.0069
"278",0,0.581133209759034,0.0069
"279",0,0.581133209759034,0.00695
"280",0,0.420820600170335,0.00695
"281",0,0.420820600170335,0.007
"282",0,0.460898752567509,0.007
"283",0,0.460898752567509,0.00705
"284",0,0.140273533390109,0.00705
"285",0,0.140273533390109,0.0071
"286",0,0.100195380992935,0.0071
"287",0,0.100195380992935,0.00715
"288",0,0.100195380992937,0.00715
"289",0,0.100195380992937,0.0072
"290",0,0.0400781523971747,0.0072
"291",0,0.0400781523971747,0.00725
"292",0,0,0.00725
"293",2200,0,0
"294",2200,0.0601172285957617,0
"295",2200,0.0601172285957617,5e-05
"296",2200,0.0200390761985872,5e-05
"297",2200,0.0200390761985872,1e-04
"298",2200,0.0601172285957617,1e-04
"299",2200,0.0601172285957617,0.00015
"300",2200,0.0400781523971745,0.00015
"301",2200,0.0400781523971745,2e-04
"302",2200,0.0601172285957617,2e-04
"303",2200,0.0601172285957617,0.00025
"304",2200,0.0200390761985872,0.00025
"305",2200,0.0200390761985872,3e-04
"306",2200,0.0601172285957617,3e-04
"307",2200,0.0601172285957617,0.00035
"308",2200,0.0200390761985872,0.00035
"309",2200,0.0200390761985872,4e-04
"310",2200,0.100195380992936,4e-04
"311",2200,0.100195380992936,0.00045
"312",2200,0.0801563047943489,0.00045
"313",2200,0.0801563047943489,5e-04
"314",2200,0.0801563047943489,5e-04
"315",2200,0.0801563047943489,0.00055
"316",2200,0.120234457191523,0.00055
"317",2200,0.120234457191523,6e-04
"318",2200,0.22042983818446,6e-04
"319",2200,0.22042983818446,0.00065
"320",2200,0.180351685787285,0.00065
"321",2200,0.180351685787285,7e-04
"322",2200,0.300586142978809,7e-04
"323",2200,0.300586142978809,0.00075
"324",2200,0.340664295375983,0.00075
"325",2200,0.340664295375983,8e-04
"326",2200,0.180351685787285,8e-04
"327",2200,0.180351685787285,0.00085
"328",2200,0.420820600170332,0.00085
"329",2200,0.420820600170332,9e-04
"330",2200,0.521015981163268,9e-04
"331",2200,0.521015981163268,0.00095
"332",2200,0.521015981163267,0.00095
"333",2200,0.521015981163267,0.001
"334",2200,0.581133209759031,0.001
"335",2200,0.581133209759031,0.00105
"336",2200,0.581133209759029,0.00105
"337",2200,0.581133209759029,0.0011
"338",2200,0.901758428936428,0.0011
"339",2200,0.901758428936428,0.00115
"340",2200,0.941836581333598,0.00115
"341",2200,0.941836581333598,0.0012
"342",2200,1.00195380992936,0.0012
"343",2200,1.00195380992936,0.00125
"344",2200,1.26246180051099,0.00125
"345",2200,1.26246180051099,0.0013
"346",2200,1.04203196232654,0.0013
"347",2200,1.04203196232654,0.00135
"348",2200,1.42277441009969,0.00135
"349",2200,1.42277441009969,0.0014
"350",2200,1.8836731626672,0.0014
"351",2200,1.8836731626672,0.00145
"352",2200,2.20429838184459,0.00145
"353",2200,2.20429838184459,0.0015
"354",2200,2.40468914383047,0.0015
"355",2200,2.40468914383047,0.00155
"356",2200,3.00586142978808,0.00155
"357",2200,3.00586142978808,0.0016
"358",2200,3.16617403937678,0.0016
"359",2200,3.16617403937678,0.00165
"360",2200,3.86754170632735,0.00165
"361",2200,3.86754170632735,0.0017
"362",2200,4.20820600170331,0.0017
"363",2200,4.20820600170331,0.00175
"364",2200,4.80937828766095,0.00175
"365",2200,4.80937828766095,0.0018
"366",2200,5.41055057361854,0.0018
"367",2200,5.41055057361854,0.00185
"368",2200,5.93156655478183,0.00185
"369",2200,5.93156655478183,0.0019
"370",2200,6.71309052652671,0.0019
"371",2200,6.71309052652671,0.00195
"372",2200,7.9755523270377,0.00195
"373",2200,7.9755523270377,0.002
"374",2200,9.49852211813041,0.002
"375",2200,9.49852211813041,0.00205
"376",2200,11.0816091378187,0.00205
"377",2200,11.0816091378187,0.0021
"378",2200,11.3821952807975,0.0021
"379",2200,11.3821952807975,0.00215
"380",2200,13.6866890436351,0.00215
"381",2200,13.6866890436351,0.0022
"382",2200,16.8328240068134,0.0022
"383",2200,16.8328240068134,0.00225
"384",2200,19.9388808175943,0.00225
"385",2200,19.9388808175943,0.0023
"386",2200,23.5659536095385,0.0023
"387",2200,23.5659536095385,0.00235
"388",2200,26.3313461249436,0.00235
"389",2200,26.3313461249436,0.0024
"390",2200,30.5195130504483,0.0024
"391",2200,30.5195130504483,0.00245
"392",2200,36.4510796052304,0.00245
"393",2200,36.4510796052304,0.0025
"394",2200,40.9999499023094,0.0025
"395",2200,40.9999499023094,0.00255
"396",2200,49.6768698962977,0.00255
"397",2200,49.6768698962977,0.0026
"398",2200,57.7325785281297,0.0026
"399",2200,57.7325785281297,0.00265
"400",2200,67.7921947798211,0.00265
"401",2200,67.7921947798211,0.0027
"402",2200,78.0321627172985,0.0027
"403",2200,78.0321627172985,0.00275
"404",2200,90.195881969841,0.00275
"405",2200,90.195881969841,0.0028
"406",2200,109.112769901307,0.0028
"407",2200,109.112769901307,0.00285
"408",2200,121.877661439808,0.00285
"409",2200,121.877661439808,0.0029
"410",2200,136.906968588748,0.0029
"411",2200,136.906968588748,0.00295
"412",2200,159.811632683733,0.00295
"413",2200,159.811632683733,0.003
"414",2200,183.337508140874,0.003
"415",2200,183.337508140874,0.00305
"416",2200,206.362406693053,0.00305
"417",2200,206.362406693053,0.0031
"418",2200,243.334502279444,0.0031
"419",2200,243.334502279444,0.00315
"420",2200,271.850107710034,0.00315
"421",2200,271.850107710034,0.0032
"422",2200,303.81243424678,0.0032
"423",2200,303.81243424678,0.00325
"424",2200,341.205350433344,0.00325
"425",2200,341.205350433344,0.0033
"426",2200,377.856820800563,0.0033
"427",2200,377.856820800563,0.00335
"428",2200,421.441811532487,0.00335
"429",2200,421.441811532487,0.0034
"430",2200,458.193477280696,0.0034
"431",2200,458.193477280696,0.00345
"432",2200,503.441711337106,0.00345
"433",2200,503.441711337106,0.0035
"434",2200,537.768648865291,0.0035
"435",2200,537.768648865291,0.00355
"436",2200,575.201643204247,0.00355
"437",2200,575.201643204247,0.0036
"438",2200,622.754371023494,0.0036
"439",2200,622.754371023494,0.00365
"440",2200,653.193727769148,0.00365
"441",2200,653.193727769148,0.0037
"442",2200,685.516757677475,0.0037
"443",2200,685.516757677475,0.00375
"444",2200,709.122789439405,0.00375
"445",2200,709.122789439405,0.0038
"446",2200,728.039677370871,0.0038
"447",2200,728.039677370871,0.00385
"448",2200,741.666249185911,0.00385
"449",2200,741.666249185911,0.0039
"450",2200,753.349030609694,0.0039
"451",2200,753.349030609694,0.00395
"452",2200,751.405240218417,0.00395
"453",2200,751.405240218417,0.004
"454",2200,744.191172786939,0.004
"455",2200,744.191172786939,0.00405
"456",2200,720.785531786989,0.00405
"457",2200,720.785531786989,0.0041
"458",2200,703.050949351227,0.0041
"459",2200,703.050949351227,0.00415
"460",2200,674.555382996848,0.00415
"461",2200,674.555382996848,0.0042
"462",2200,650.227944491752,0.0042
"463",2200,650.227944491752,0.00425
"464",2200,612.454285857426,0.00425
"465",2200,612.454285857426,0.0043
"466",2200,569.029607735087,0.0043
"467",2200,569.029607735087,0.00435
"468",2200,526.526727117874,0.00435
"469",2200,526.526727117874,0.0044
"470",2200,487.530684835432,0.0044
"471",2200,487.530684835432,0.00445
"472",2200,438.935925053858,0.00445
"473",2200,438.935925053858,0.0045
"474",2200,396.593357046236,0.0045
"475",2200,396.593357046236,0.00455
"476",2200,352.206803266372,0.00455
"477",2200,352.206803266372,0.0046
"478",2200,312.028455488198,0.0046
"479",2200,312.028455488198,0.00465
"480",2200,269.345223185213,0.00465
"481",2200,269.345223185213,0.0047
"482",2200,233.254846951557,0.0047
"483",2200,233.254846951557,0.00475
"484",2200,198.12634637543,0.00475
"485",2200,198.12634637543,0.0048
"486",2200,165.26226140975,0.0048
"487",2200,165.26226140975,0.00485
"488",2200,137.548219027101,0.00485
"489",2200,137.548219027101,0.0049
"490",2200,114.082460798558,0.0049
"491",2200,114.082460798558,0.00495
"492",2200,94.3840488953465,0.00495
"493",2200,94.3840488953465,0.005
"494",2200,77.1103652121628,0.005
"495",2200,77.1103652121628,0.00505
"496",2200,63.4637543209262,0.00505
"497",2200,63.4637543209262,0.0051
"498",2200,50.1377686488656,0.0051
"499",2200,50.1377686488656,0.00515
"500",2200,38.6152998346772,0.00515
"501",2200,38.6152998346772,0.0052
"502",2200,29.8782626120938,0.0052
"503",2200,29.8782626120938,0.00525
"504",2200,24.3875557336804,0.00525
"505",2200,24.3875557336804,0.0053
"506",2200,20.3997795701619,0.0053
"507",2200,20.3997795701619,0.00535
"508",2200,14.3479785581886,0.00535
"509",2200,14.3479785581886,0.0054
"510",2200,10.0395771754921,0.0054
"511",2200,10.0395771754921,0.00545
"512",2200,8.01563047943495,0.00545
"513",2200,8.01563047943495,0.0055
"514",2200,6.39246530734937,0.0055
"515",2200,6.39246530734937,0.00555
"516",2200,4.04789339211458,0.00555
"517",2200,4.04789339211458,0.0056
"518",2200,3.14613496317822,0.0056
"519",2200,3.14613496317822,0.00565
"520",2200,2.18425930564598,0.00565
"521",2200,2.18425930564598,0.0057
"522",2200,1.64320424828416,0.0057
"523",2200,1.64320424828416,0.00575
"524",2200,0.76148489554632,0.00575
"525",2200,0.76148489554632,0.0058
"526",2200,0.74144581934772,0.0058
"527",2200,0.74144581934772,0.00585
"528",2200,0.641250438354796,0.00585
"529",2200,0.641250438354796,0.0059
"530",2200,0.300586142978805,0.0059
"531",2200,0.300586142978805,0.00595
"532",2200,0.280547066780223,0.00595
"533",2200,0.280547066780223,0.006
"534",2200,0.180351685787286,0.006
"535",2200,0.180351685787286,0.00605
"536",2200,0.0601172285957611,0.00605
"537",2200,0.0601172285957611,0.0061
"538",2200,0.0200390761985874,0.0061
"539",2200,0.0200390761985874,0.00615
"540",2200,0.0400781523971747,0.00615
"541",2200,0.0400781523971747,0.0062
"542",2200,0,0.0062
"543",2200,0,0.00625
"544",2200,0.0400781523971747,0.00625
"545",2200,0.0400781523971747,0.0063
"546",2200,0,0.0063
"547",2200,0,0.00635
"548",2200,0,0.00635
"549",2200,0,0.0064
"550",2200,0,0.0064
"551",2200,0,0.00645
"552",2200,0,0.00645
"553",2200,0,0.0065
"554",2200,0,0.0065
"555",2200,0,0.00655
"556",2200,0,0.00655
"557",2200,0,0.0066
"558",2200,0,0.0066
"559",2200,0,0.00665
"560",2200,0,0.00665
"561",2200,0,0.0067
"562",2200,0,0.0067
"563",2200,0,0.00675
"564",2200,0,0.00675
"565",2200,0,0.0068
"566",2200,0,0.0068
"567",2200,0,0.00685
"568",2200,0,0.00685
"569",2200,0,0.0069
"570",2200,0,0.0069
"571",2200,0,0.00695
"572",2200,0,0.00695
"573",2200,0,0.007
"574",2200,0,0.007
"575",2200,0,0.00705
"576",2200,0,0.00705
"577",2200,0,0.0071
"578",2200,0,0.0071
"579",2200,0,0.00715
"580",2200,0,0.00715
"581",2200,0,0.0072
"582",2200,0,0.0072
"583",2200,0,0.00725
"584",2200,0,0.00725
"585",4400,0,0
"586",4400,10.5405540804569,0
"587",4400,10.5405540804569,5e-05
"588",4400,4.56890937327789,5e-05
"589",4400,4.56890937327789,1e-04
"590",4400,5.00976904964681,1e-04
"591",4400,5.00976904964681,0.00015
"592",4400,6.35238715495215,0.00015
"593",4400,6.35238715495215,2e-04
"594",4400,6.33234807875356,2e-04
"595",4400,6.33234807875356,0.00025
"596",4400,7.51465357447021,0.00025
"597",4400,7.51465357447021,3e-04
"598",4400,8.17594308902359,3e-04
"599",4400,8.17594308902359,0.00035
"600",4400,9.55863934672611,0.00035
"601",4400,9.55863934672611,4e-04
"602",4400,9.05766244176143,4e-04
"603",4400,9.05766244176143,0.00045
"604",4400,10.9814137568258,0.00045
"605",4400,10.9814137568258,5e-04
"606",4400,12.1436801763439,5e-04
"607",4400,12.1436801763439,0.00055
"608",4400,13.9672361104153,0.00055
"609",4400,13.9672361104153,6e-04
"610",4400,15.4501277491108,6e-04
"611",4400,15.4501277491108,0.00065
"612",4400,17.7746605881469,0.00065
"613",4400,17.7746605881469,7e-04
"614",4400,17.4941135213667,7e-04
"615",4400,17.4941135213667,0.00075
"616",4400,21.2614598467011,0.00075
"617",4400,21.2614598467011,8e-04
"618",4400,22.7443514853965,8e-04
"619",4400,22.7443514853965,0.00085
"620",4400,23.3254846951555,0.00085
"621",4400,23.3254846951555,9e-04
"622",4400,23.8465006763188,9e-04
"623",4400,23.8465006763188,0.00095
"624",4400,27.6739642302489,0.00095
"625",4400,27.6739642302489,0.001
"626",4400,29.9383798406894,0.001
"627",4400,29.9383798406894,0.00105
"628",4400,33.7458043184208,0.00105
"629",4400,33.7458043184208,0.0011
"630",4400,35.2687741095136,0.0011
"631",4400,35.2687741095136,0.00115
"632",4400,38.2545964631029,0.00115
"633",4400,38.2545964631029,0.0012
"634",4400,42.0019037122389,0.0012
"635",4400,42.0019037122389,0.00125
"636",4400,47.6328841240418,0.00125
"637",4400,47.6328841240418,0.0013
"638",4400,51.8010119733481,0.0013
"639",4400,51.8010119733481,0.00135
"640",4400,55.4481238414908,0.00135
"641",4400,55.4481238414908,0.0014
"642",4400,59.6362907669957,0.0014
"643",4400,59.6362907669957,0.00145
"644",4400,64.5258253594508,0.00145
"645",4400,64.5258253594508,0.0015
"646",4400,70.0566103902611,0.0015
"647",4400,70.0566103902611,0.00155
"648",4400,75.6074344972695,0.00155
"649",4400,75.6074344972695,0.0016
"650",4400,84.4246280246478,0.0016
"651",4400,84.4246280246478,0.00165
"652",4400,94.2237362857574,0.00165
"653",4400,94.2237362857574,0.0017
"654",4400,100.095185611943,0.0017
"655",4400,100.095185611943,0.00175
"656",4400,105.485697109363,0.00175
"657",4400,105.485697109363,0.0018
"658",4400,119.833675667551,0.0018
"659",4400,119.833675667551,0.00185
"660",4400,128.670908271129,0.00185
"661",4400,128.670908271129,0.0019
"662",4400,135.243725264265,0.0019
"663",4400,135.243725264265,0.00195
"664",4400,147.407444516807,0.00195
"665",4400,147.407444516807,0.002
"666",4400,164.84144080958,0.002
"667",4400,164.84144080958,0.00205
"668",4400,175.702620109212,0.00205
"669",4400,175.702620109212,0.0021
"670",4400,192.114623515855,0.0021
"671",4400,192.114623515855,0.00215
"672",4400,205.280296578327,0.00215
"673",4400,205.280296578327,0.0022
"674",4400,225.98066229147,0.0022
"675",4400,225.98066229147,0.00225
"676",4400,240.809578678422,0.00225
"677",4400,240.809578678422,0.0023
"678",4400,258.884825409548,0.0023
"679",4400,258.884825409548,0.00235
"680",4400,281.569059666349,0.00235
"681",4400,281.569059666349,0.0024
"682",4400,301.608135864936,0.0024
"683",4400,301.608135864936,0.00245
"684",4400,323.510846149994,0.00245
"685",4400,323.510846149994,0.0025
"686",4400,352.066529732978,0.0025
"687",4400,352.066529732978,0.00255
"688",4400,371.845097940984,0.00255
"689",4400,371.845097940984,0.0026
"690",4400,391.002454786833,0.0026
"691",4400,391.002454786833,0.00265
"692",4400,421.922749361257,0.00265
"693",4400,421.922749361257,0.0027
"694",4400,441.68127849306,0.0027
"695",4400,441.68127849306,0.00275
"696",4400,463.283402635137,0.00275
"697",4400,463.283402635137,0.0028
"698",4400,483.623064976703,0.0028
"699",4400,483.623064976703,0.00285
"700",4400,506.046791242927,0.00285
"701",4400,506.046791242927,0.0029
"702",4400,527.528680927808,0.0029
"703",4400,527.528680927808,0.00295
"704",4400,552.477330795049,0.00295
"705",4400,552.477330795049,0.003
"706",4400,555.944090977404,0.003
"707",4400,555.944090977404,0.00305
"708",4400,569.41035018286,0.00305
"709",4400,569.41035018286,0.0031
"710",4400,584.80036070337,0.0031
"711",4400,584.80036070337,0.00315
"712",4400,586.383447723058,0.00315
"713",4400,586.383447723058,0.0032
"714",4400,594.419117278692,0.0032
"715",4400,594.419117278692,0.00325
"716",4400,587.986573818945,0.00325
"717",4400,587.986573818945,0.0033
"718",4400,583.537898902864,0.0033
"719",4400,583.537898902864,0.00335
"720",4400,577.225589900304,0.00335
"721",4400,577.225589900304,0.0034
"722",4400,565.803316467109,0.0034
"723",4400,565.803316467109,0.00345
"724",4400,542.517909924351,0.00345
"725",4400,542.517909924351,0.0035
"726",4400,526.586844346479,0.0035
"727",4400,526.586844346479,0.00355
"728",4400,499.754521316566,0.00355
"729",4400,499.754521316566,0.0036
"730",4400,478.292670707879,0.0036
"731",4400,478.292670707879,0.00365
"732",4400,446.37042232353,0.00365
"733",4400,446.37042232353,0.0037
"734",4400,416.191573568461,0.0037
"735",4400,416.191573568461,0.00375
"736",4400,393.88808175943,0.00375
"737",4400,393.88808175943,0.0038
"738",4400,360.322629126796,0.0038
"739",4400,360.322629126796,0.00385
"740",4400,327.017684484744,0.00385
"741",4400,327.017684484744,0.0039
"742",4400,299.524071940285,0.0039
"743",4400,299.524071940285,0.00395
"744",4400,268.243073994286,0.00395
"745",4400,268.243073994286,0.004
"746",4400,236.581333600522,0.004
"747",4400,236.581333600522,0.00405
"748",4400,207.204047893393,0.00405
"749",4400,207.204047893393,0.0041
"750",4400,184.579930865185,0.0041
"751",4400,184.579930865185,0.00415
"752",4400,156.905966634939,0.00415
"753",4400,156.905966634939,0.0042
"754",4400,137.928961474874,0.0042
"755",4400,137.928961474874,0.00425
"756",4400,115.805821351636,0.00425
"757",4400,115.805821351636,0.0043
"758",4400,97.4500275537304,0.0043
"759",4400,97.4500275537304,0.00435
"760",4400,82.440759480987,0.00435
"761",4400,82.440759480987,0.0044
"762",4400,67.7320775512253,0.0044
"763",4400,67.7320775512253,0.00445
"764",4400,57.111367165974,0.00445
"765",4400,57.111367165974,0.0045
"766",4400,45.2883122088067,0.0045
"767",4400,45.2883122088067,0.00455
"768",4400,39.096237663444,0.00455
"769",4400,39.096237663444,0.0046
"770",4400,29.4574420119229,0.0046
"771",4400,29.4574420119229,0.00465
"772",4400,24.8484544862483,0.00465
"773",4400,24.8484544862483,0.0047
"774",4400,19.9388808175944,0.0047
"775",4400,19.9388808175944,0.00475
"776",4400,14.0874705676067,0.00475
"777",4400,14.0874705676067,0.0048
"778",4400,10.8010620710386,0.0048
"779",4400,10.8010620710386,0.00485
"780",4400,8.67691999398818,0.00485
"781",4400,8.67691999398818,0.0049
"782",4400,6.77320775512253,0.0049
"783",4400,6.77320775512253,0.00495
"784",4400,5.08992535444119,0.00495
"785",4400,5.08992535444119,0.005
"786",4400,3.42668202995838,0.005
"787",4400,3.42668202995838,0.00505
"788",4400,2.5449626772206,0.00505
"789",4400,2.5449626772206,0.0051
"790",4400,2.0640248484545,0.0051
"791",4400,2.0640248484545,0.00515
"792",4400,1.48289163869544,0.00515
"793",4400,1.48289163869544,0.0052
"794",4400,1.10214919092231,0.0052
"795",4400,1.10214919092231,0.00525
"796",4400,0.601172285957611,0.00525
"797",4400,0.601172285957611,0.0053
"798",4400,0.581133209759034,0.0053
"799",4400,0.581133209759034,0.00535
"800",4400,0.400781523971747,0.00535
"801",4400,0.400781523971747,0.0054
"802",4400,0.160312609588696,0.0054
"803",4400,0.160312609588696,0.00545
"804",4400,0.280547066780223,0.00545
"805",4400,0.280547066780223,0.0055
"806",4400,0.160312609588699,0.0055
"807",4400,0.160312609588699,0.00555
"808",4400,0.180351685787283,0.00555
"809",4400,0.180351685787283,0.0056
"810",4400,0.0801563047943495,0.0056
"811",4400,0.0801563047943495,0.00565
"812",4400,0.020039076198587,0.00565
"813",4400,0.020039076198587,0.0057
"814",4400,0,0.0057
"815",4400,0,0.00575
"816",4400,0,0.00575
"817",4400,0,0.0058
"818",4400,0.020039076198587,0.0058
"819",4400,0.020039076198587,0.00585
"820",4400,0,0.00585
"821",4400,0,0.0059
"822",4400,0.020039076198587,0.0059
"823",4400,0.020039076198587,0.00595
"824",4400,0,0.00595
"825",4400,0,0.006
"826",4400,0,0.006
"827",4400,0,0.00605
"828",4400,0,0.00605
"829",4400,0,0.0061
"830",4400,0,0.0061
"831",4400,0,0.00615
"832",4400,0,0.00615
"833",4400,0,0.0062
"834",4400,0,0.0062
"835",4400,0,0.00625
"836",4400,0,0.00625
"837",4400,0,0.0063
"838",4400,0,0.0063
"839",4400,0,0.00635
"840",4400,0,0.00635
"841",4400,0,0.0064
"842",4400,0,0.0064
"843",4400,0,0.00645
"844",4400,0,0.00645
"845",4400,0,0.0065
"846",4400,0,0.0065
"847",4400,0,0.00655
"848",4400,0,0.00655
"849",4400,0,0.0066
"850",4400,0,0.0066
"851",4400,0,0.00665
"852",4400,0,0.00665
"853",4400,0,0.0067
"854",4400,0,0.0067
"855",4400,0,0.00675
"856",4400,0,0.00675
"857",4400,0,0.0068
"858",4400,0,0.0068
"859",4400,0,0.00685
"860",4400,0,0.00685
"861",4400,0,0.0069
"862",4400,0,0.0069
"863",4400,0,0.00695
"864",4400,0,0.00695
"865",4400,0,0.007
"866",4400,0,0.007
"867",4400,0,0.00705
"868",4400,0,0.00705
"869",4400,0,0.0071
"870",4400,0,0.0071
"871",4400,0,0.00715
"872",4400,0,0.00715
"873",4400,0,0.0072
"874",4400,0,0.0072
"875",4400,0,0.00725
"876",4400,0,0.00725
"877",6600,0,0
"878",6600,118.110315114473,0
"879",6600,118.110315114473,5e-05
"880",6600,41.8215520264516,5e-05
"881",6600,41.8215520264516,1e-04
"882",6600,41.9217474074445,1e-04
"883",6600,41.9217474074445,0.00015
"884",6600,45.0077651420269,0.00015
"885",6600,45.0077651420269,2e-04
"886",6600,45.2682731326085,2e-04
"887",6600,45.2682731326085,0.00025
"888",6600,53.1436300786533,0.00025
"889",6600,53.1436300786533,3e-04
"890",6600,56.3899604228245,3e-04
"891",6600,56.3899604228245,0.00035
"892",6600,61.0791042532939,0.00035
"893",6600,61.0791042532939,4e-04
"894",6600,63.6641450829116,4e-04
"895",6600,63.6641450829116,0.00045
"896",6600,67.331296027253,0.00045
"897",6600,67.331296027253,5e-04
"898",6600,72.5013776864886,5e-04
"899",6600,72.5013776864886,0.00055
"900",6600,76.5492710786032,0.00055
"901",6600,76.5492710786032,6e-04
"902",6600,80.0961875657532,6e-04
"903",6600,80.0961875657532,0.00065
"904",6600,84.9055658534141,0.00065
"905",6600,84.9055658534141,7e-04
"906",6600,92.0194379039126,7e-04
"907",6600,92.0194379039126,0.00075
"908",6600,95.9470968388357,0.00075
"909",6600,95.9470968388357,8e-04
"910",6600,102.439757527178,8e-04
"911",6600,102.439757527178,0.00085
"912",6600,108.51159761535,0.00085
"913",6600,108.51159761535,9e-04
"914",6600,113.020389760032,9e-04
"915",6600,113.020389760032,0.00095
"916",6600,121.997895896999,0.00095
"917",6600,121.997895896999,0.001
"918",6600,126.085867441511,0.001
"919",6600,126.085867441511,0.00105
"920",6600,136.987124893542,0.00105
"921",6600,136.987124893542,0.0011
"922",6600,139.43189218977,0.0011
"923",6600,139.43189218977,0.00115
"924",6600,149.932368117829,0.00115
"925",6600,149.932368117829,0.0012
"926",6600,159.29061670257,0.0012
"927",6600,159.29061670257,0.00125
"928",6600,161.935774760783,0.00125
"929",6600,161.935774760783,0.0013
"930",6600,175.32187766144,0.0013
"931",6600,175.32187766144,0.00135
"932",6600,185.782275437102,0.00135
"933",6600,185.782275437102,0.0014
"934",6600,193.657632383147,0.0014
"935",6600,193.657632383147,0.00145
"936",6600,208.386353389108,0.00145
"937",6600,208.386353389108,0.0015
"938",6600,222.453784880517,0.0015
"939",6600,222.453784880517,0.00155
"940",6600,230.689845198136,0.00155
"941",6600,230.689845198136,0.0016
"942",6600,241.991884174139,0.0016
"943",6600,241.991884174139,0.00165
"944",6600,255.518260608186,0.00165
"945",6600,255.518260608186,0.0017
"946",6600,270.186864385551,0.0017
"947",6600,270.186864385551,0.00175
"948",6600,284.454686638946,0.00175
"949",6600,284.454686638946,0.0018
"950",6600,299.744501778467,0.0018
"951",6600,299.744501778467,0.00185
"952",6600,306.898451981364,0.00185
"953",6600,306.898451981364,0.0019
"954",6600,331.887180001001,0.0019
"955",6600,331.887180001001,0.00195
"956",6600,343.329492510394,0.00195
"957",6600,343.329492510394,0.002
"958",6600,357.316767697011,0.002
"959",6600,357.316767697011,0.00205
"960",6600,374.59045138019,0.00205
"961",6600,374.59045138019,0.0021
"962",6600,394.729722959771,0.0021
"963",6600,394.729722959771,0.00215
"964",6600,404.989729973447,0.00215
"965",6600,404.989729973447,0.0022
"966",6600,424.928610791045,0.0022
"967",6600,424.928610791045,0.00225
"968",6600,437.513150643754,0.00225
"969",6600,437.513150643754,0.0023
"970",6600,451.159761534992,0.0023
"971",6600,451.159761534992,0.00235
"972",6600,471.779970943338,0.00235
"973",6600,471.779970943338,0.0024
"974",6600,473.042432743849,0.0024
"975",6600,473.042432743849,0.00245
"976",6600,488.913381093135,0.00245
"977",6600,488.913381093135,0.0025
"978",6600,486.749160863683,0.0025
"979",6600,486.749160863683,0.00255
"980",6600,500.736436050297,0.00255
"981",6600,500.736436050297,0.0026
"982",6600,500.516006212112,0.0026
"983",6600,500.516006212112,0.00265
"984",6600,498.632333049449,0.00265
"985",6600,498.632333049449,0.0027
"986",6600,502.259405841389,0.0027
"987",6600,502.259405841389,0.00275
"988",6600,492.901157256649,0.00275
"989",6600,492.901157256649,0.0028
"990",6600,486.949551625669,0.0028
"991",6600,486.949551625669,0.00285
"992",6600,481.659235509246,0.00285
"993",6600,481.659235509246,0.0029
"994",6600,460.798557186512,0.0029
"995",6600,460.798557186512,0.00295
"996",6600,449.416361905715,0.00295
"997",6600,449.416361905715,0.003
"998",6600,432.04248284154,0.003
"999",6600,432.04248284154,0.00305
"1000",6600,416.231651720858,0.00305
"1001",6600,416.231651720858,0.0031
"1002",6600,394.3089023596,0.0031
"1003",6600,394.3089023596,0.00315
"1004",6600,374.991232904162,0.00315
"1005",6600,374.991232904162,0.0032
"1006",6600,351.345122989829,0.0032
"1007",6600,351.345122989829,0.00325
"1008",6600,326.336355893992,0.00325
"1009",6600,326.336355893992,0.0033
"1010",6600,308.020640248486,0.0033
"1011",6600,308.020640248486,0.00335
"1012",6600,283.132107609838,0.00335
"1013",6600,283.132107609838,0.0034
"1014",6600,259.526075847903,0.0034
"1015",6600,259.526075847903,0.00345
"1016",6600,232.373127598817,0.00345
"1017",6600,232.373127598817,0.0035
"1018",6600,211.712840038076,0.0035
"1019",6600,211.712840038076,0.00355
"1020",6600,191.333099544111,0.00355
"1021",6600,191.333099544111,0.0036
"1022",6600,169.149842192274,0.0036
"1023",6600,169.149842192274,0.00365
"1024",6600,145.844396573318,0.00365
"1025",6600,145.844396573318,0.0037
"1026",6600,131.817043234308,0.0037
"1027",6600,131.817043234308,0.00375
"1028",6600,110.395270778017,0.00375
"1029",6600,110.395270778017,0.0038
"1030",6600,94.9050648765089,0.0038
"1031",6600,94.9050648765089,0.00385
"1032",6600,81.69931366164,0.00385
"1033",6600,81.69931366164,0.0039
"1034",6600,71.7599318671414,0.0039
"1035",6600,71.7599318671414,0.00395
"1036",6600,59.5160563098034,0.00395
"1037",6600,59.5160563098034,0.004
"1038",6600,48.8352286959574,0.004
"1039",6600,48.8352286959574,0.00405
"1040",6600,40.1783477781677,0.00405
"1041",6600,40.1783477781677,0.0041
"1042",6600,33.1646711086615,0.0041
"1043",6600,33.1646711086615,0.00415
"1044",6600,27.5136516206605,0.00415
"1045",6600,27.5136516206605,0.0042
"1046",6600,22.3836481138217,0.0042
"1047",6600,22.3836481138217,0.00425
"1048",6600,18.2956765693103,0.00425
"1049",6600,18.2956765693103,0.0043
"1050",6600,13.7267671960323,0.0043
"1051",6600,13.7267671960323,0.00435
"1052",6600,10.3602023946695,0.00435
"1053",6600,10.3602023946695,0.0044
"1054",6600,8.21602124142082,0.0044
"1055",6600,8.21602124142082,0.00445
"1056",6600,6.37242623115078,0.00445
"1057",6600,6.37242623115078,0.0045
"1058",6600,5.0899253544411,0.0045
"1059",6600,5.0899253544411,0.00455
"1060",6600,3.56695556334855,0.00455
"1061",6600,3.56695556334855,0.0046
"1062",6600,2.6251189820149,0.0046
"1063",6600,2.6251189820149,0.00465
"1064",6600,2.42472822002907,0.00465
"1065",6600,2.42472822002907,0.0047
"1066",6600,1.62316517208558,0.0047
"1067",6600,1.62316517208558,0.00475
"1068",6600,1.10214919092229,0.00475
"1069",6600,1.10214919092229,0.0048
"1070",6600,0.701367666950558,0.0048
"1071",6600,0.701367666950558,0.00485
"1072",6600,0.721406743149133,0.00485
"1073",6600,0.721406743149133,0.0049
"1074",6600,0.420820600170335,0.0049
"1075",6600,0.420820600170335,0.00495
"1076",6600,0.420820600170335,0.00495
"1077",6600,0.420820600170335,0.005
"1078",6600,0.280547066780218,0.005
"1079",6600,0.280547066780218,0.00505
"1080",6600,0.100195380992937,0.00505
"1081",6600,0.100195380992937,0.0051
"1082",6600,0.120234457191524,0.0051
"1083",6600,0.120234457191524,0.00515
"1084",6600,0.040078152397174,0.00515
"1085",6600,0.040078152397174,0.0052
"1086",6600,0,0.0052
"1087",6600,0,0.00525
"1088",6600,0,0.00525
"1089",6600,0,0.0053
"1090",6600,0,0.0053
"1091",6600,0,0.00535
"1092",6600,0,0.00535
"1093",6600,0,0.0054
"1094",6600,0,0.0054
"1095",6600,0,0.00545
"1096",6600,0,0.00545
"1097",6600,0,0.0055
"1098",6600,0,0.0055
"1099",6600,0,0.00555
"1100",6600,0,0.00555
"1101",6600,0,0.0056
"1102",6600,0,0.0056
"1103",6600,0,0.00565
"1104",6600,0,0.00565
"1105",6600,0,0.0057
"1106",6600,0,0.0057
"1107",6600,0,0.00575
"1108",6600,0,0.00575
"1109",6600,0,0.0058
"1110",6600,0,0.0058
"1111",6600,0,0.00585
"1112",6600,0,0.00585
"1113",6600,0,0.0059
"1114",6600,0,0.0059
"1115",6600,0,0.00595
"1116",6600,0,0.00595
"1117",6600,0,0.006
"1118",6600,0,0.006
"1119",6600,0,0.00605
"1120",6600,0,0.00605
"1121",6600,0,0.0061
"1122",6600,0,0.0061
"1123",6600,0,0.00615
"1124",6600,0,0.00615
"1125",6600,0,0.0062
"1126",6600,0,0.0062
"1127",6600,0,0.00625
"1128",6600,0,0.00625
"1129",6600,0,0.0063
"1130",6600,0,0.0063
"1131",6600,0,0.00635
"1132",6600,0,0.00635
"1133",6600,0,0.0064
"1134",6600,0,0.0064
"1135",6600,0,0.00645
"1136",6600,0,0.00645
"1137",6600,0,0.0065
"1138",6600,0,0.0065
"1139",6600,0,0.00655
"1140",6600,0,0.00655
"1141",6600,0,0.0066
"1142",6600,0,0.0066
"1143",6600,0,0.00665
"1144",6600,0,0.00665
"1145",6600,0,0.0067
"1146",6600,0,0.0067
"1147",6600,0,0.00675
"1148",6600,0,0.00675
"1149",6600,0,0.0068
"1150",6600,0,0.0068
"1151",6600,0,0.00685
"1152",6600,0,0.00685
"1153",6600,0,0.0069
"1154",6600,0,0.0069
"1155",6600,0,0.00695
"1156",6600,0,0.00695
"1157",6600,0,0.007
"1158",6600,0,0.007
"1159",6600,0,0.00705
"1160",6600,0,0.00705
"1161",6600,0,0.0071
"1162",6600,0,0.0071
"1163",6600,0,0.00715
"1164",6600,0,0.00715
"1165",6600,0,0.0072
"1166",6600,0,0.0072
"1167",6600,0,0.00725
"1168",6600,0,0.00725
"1169",8800,0,0
"1170",8800,410.620710385251,0
"1171",8800,410.620710385251,5e-05
"1172",8800,131.416261710335,5e-05
"1173",8800,131.416261710335,1e-04
"1174",8800,126.566805270277,1e-04
"1175",8800,126.566805270277,0.00015
"1176",8800,130.474425129001,0.00015
"1177",8800,130.474425129001,2e-04
"1178",8800,138.049195932067,2e-04
"1179",8800,138.049195932067,0.00025
"1180",8800,144.742247382396,0.00025
"1181",8800,144.742247382396,3e-04
"1182",8800,148.08877310756,3e-04
"1183",8800,148.08877310756,0.00035
"1184",8800,156.064325434597,0.00035
"1185",8800,156.064325434597,4e-04
"1186",8800,159.591202845549,4e-04
"1187",8800,159.591202845549,0.00045
"1188",8800,170.191874154601,0.00045
"1189",8800,170.191874154601,5e-04
"1190",8800,170.973398126346,5e-04
"1191",8800,170.973398126346,0.00055
"1192",8800,183.738289664846,0.00055
"1193",8800,183.738289664846,6e-04
"1194",8800,185.281298532138,6e-04
"1195",8800,185.281298532138,0.00065
"1196",8800,199.769550623716,0.00065
"1197",8800,199.769550623716,7e-04
"1198",8800,207.504634036371,7e-04
"1199",8800,207.504634036371,0.00075
"1200",8800,211.091628675918,0.00075
"1201",8800,211.091628675918,8e-04
"1202",8800,224.53784880517,8e-04
"1203",8800,224.53784880517,0.00085
"1204",8800,231.050548569711,0.00085
"1205",8800,231.050548569711,9e-04
"1206",8800,237.643404639046,9e-04
"1207",8800,237.643404639046,0.00095
"1208",8800,249.386303291418,0.00095
"1209",8800,249.386303291418,0.001
"1210",8800,259.425880466911,0.001
"1211",8800,259.425880466911,0.00105
"1212",8800,271.268974500275,0.00105
"1213",8800,271.268974500275,0.0011
"1214",8800,280.106207103853,0.0011
"1215",8800,280.106207103853,0.00115
"1216",8800,281.869645809327,0.00115
"1217",8800,281.869645809327,0.0012
"1218",8800,295.656530233957,0.0012
"1219",8800,295.656530233957,0.00125
"1220",8800,300.826611893191,0.00125
"1221",8800,300.826611893191,0.0013
"1222",8800,308.321226391464,0.0013
"1223",8800,308.321226391464,0.00135
"1224",8800,315.615450127748,0.00135
"1225",8800,315.615450127748,0.0014
"1226",8800,324.532839036121,0.0014
"1227",8800,324.532839036121,0.00145
"1228",8800,334.893041430789,0.00145
"1229",8800,334.893041430789,0.0015
"1230",8800,350.523520865689,0.0015
"1231",8800,350.523520865689,0.00155
"1232",8800,362.506888432442,0.00155
"1233",8800,362.506888432442,0.0016
"1234",8800,369.700916787735,0.0016
"1235",8800,369.700916787735,0.00165
"1236",8800,373.548419417865,0.00165
"1237",8800,373.548419417865,0.0017
"1238",8800,387.395421071088,0.0017
"1239",8800,387.395421071088,0.00175
"1240",8800,395.511246931517,0.00175
"1241",8800,395.511246931517,0.0018
"1242",8800,403.326486648964,0.0018
"1243",8800,403.326486648964,0.00185
"1244",8800,412.324031862132,0.00185
"1245",8800,412.324031862132,0.0019
"1246",8800,417.013175692599,0.0019
"1247",8800,417.013175692599,0.00195
"1248",8800,422.103101047041,0.00195
"1249",8800,422.103101047041,0.002
"1250",8800,434.447171985374,0.002
"1251",8800,434.447171985374,0.00205
"1252",8800,430.61970843144,0.00205
"1253",8800,430.61970843144,0.0021
"1254",8800,438.194479234506,0.0021
"1255",8800,438.194479234506,0.00215
"1256",8800,438.635338910875,0.00215
"1257",8800,438.635338910875,0.0022
"1258",8800,439.877761635191,0.0022
"1259",8800,439.877761635191,0.00225
"1260",8800,437.693502329541,0.00225
"1261",8800,437.693502329541,0.0023
"1262",8800,428.375331897198,0.0023
"1263",8800,428.375331897198,0.00235
"1264",8800,426.311307048744,0.00235
"1265",8800,426.311307048744,0.0024
"1266",8800,414.227744100996,0.0024
"1267",8800,414.227744100996,0.00245
"1268",8800,412.384149090729,0.00245
"1269",8800,412.384149090729,0.0025
"1270",8800,398.897850809077,0.0025
"1271",8800,398.897850809077,0.00255
"1272",8800,382.806472621611,0.00255
"1273",8800,382.806472621611,0.0026
"1274",8800,369.961424778317,0.0026
"1275",8800,369.961424778317,0.00265
"1276",8800,354.090476429039,0.00265
"1277",8800,354.090476429039,0.0027
"1278",8800,332.60858674415,0.0027
"1279",8800,332.60858674415,0.00275
"1280",8800,315.916036270727,0.00275
"1281",8800,315.916036270727,0.0028
"1282",8800,297.419968939431,0.0028
"1283",8800,297.419968939431,0.00285
"1284",8800,277.380892740846,0.00285
"1285",8800,277.380892740846,0.0029
"1286",8800,257.462050999448,0.0029
"1287",8800,257.462050999448,0.00295
"1288",8800,234.477230599669,0.00295
"1289",8800,234.477230599669,0.003
"1290",8800,221.471870146786,0.003
"1291",8800,221.471870146786,0.00305
"1292",8800,197.725564851462,0.00305
"1293",8800,197.725564851462,0.0031
"1294",8800,184.419618255598,0.0031
"1295",8800,184.419618255598,0.00315
"1296",8800,163.719252542457,0.00315
"1297",8800,163.719252542457,0.0032
"1298",8800,146.886428535644,0.0032
"1299",8800,146.886428535644,0.00325
"1300",8800,131.616652472321,0.00325
"1301",8800,131.616652472321,0.0033
"1302",8800,114.823906617906,0.0033
"1303",8800,114.823906617906,0.00335
"1304",8800,102.740343670157,0.00335
"1305",8800,102.740343670157,0.0034
"1306",8800,86.3283402635136,0.0034
"1307",8800,86.3283402635136,0.00345
"1308",8800,73.3229798106305,0.00345
"1309",8800,73.3229798106305,0.0035
"1310",8800,64.8264115024301,0.0035
"1311",8800,64.8264115024301,0.00355
"1312",8800,55.3078503081007,0.00355
"1313",8800,55.3078503081007,0.0036
"1314",8800,47.0116727618856,0.0036
"1315",8800,47.0116727618856,0.00365
"1316",8800,38.5752216822803,0.00365
"1317",8800,38.5752216822803,0.0037
"1318",8800,33.4652572516409,0.0037
"1319",8800,33.4652572516409,0.00375
"1320",8800,27.7541205350433,0.00375
"1321",8800,27.7541205350433,0.0038
"1322",8800,22.2233355042332,0.0038
"1323",8800,22.2233355042332,0.00385
"1324",8800,17.3939181403737,0.00385
"1325",8800,17.3939181403737,0.0039
"1326",8800,14.8890336155504,0.0039
"1327",8800,14.8890336155504,0.00395
"1328",8800,11.7028204999748,0.00395
"1329",8800,11.7028204999748,0.004
"1330",8800,8.85727167977562,0.004
"1331",8800,8.85727167977562,0.00405
"1332",8800,6.49266068834231,0.00405
"1333",8800,6.49266068834231,0.0041
"1334",8800,6.31230900255491,0.0041
"1335",8800,6.31230900255491,0.00415
"1336",8800,4.46871399228498,0.00415
"1337",8800,4.46871399228498,0.0042
"1338",8800,3.42668202995838,0.0042
"1339",8800,3.42668202995838,0.00425
"1340",8800,2.78543159160364,0.00425
"1341",8800,2.78543159160364,0.0043
"1342",8800,1.56304794348981,0.0043
"1343",8800,1.56304794348981,0.00435
"1344",8800,1.64320424828414,0.00435
"1345",8800,1.64320424828414,0.0044
"1346",8800,1.18230549571665,0.0044
"1347",8800,1.18230549571665,0.00445
"1348",8800,0.601172285957621,0.00445
"1349",8800,0.601172285957621,0.0045
"1350",8800,0.260507990581631,0.0045
"1351",8800,0.260507990581631,0.00455
"1352",8800,0.260507990581636,0.00455
"1353",8800,0.260507990581636,0.0046
"1354",8800,0.320625219177392,0.0046
"1355",8800,0.320625219177392,0.00465
"1356",8800,0.200390761985874,0.00465
"1357",8800,0.200390761985874,0.0047
"1358",8800,0.100195380992937,0.0047
"1359",8800,0.100195380992937,0.00475
"1360",8800,0.100195380992935,0.00475
"1361",8800,0.100195380992935,0.0048
"1362",8800,0.0400781523971747,0.0048
"1363",8800,0.0400781523971747,0.00485
"1364",8800,0.040078152397174,0.00485
"1365",8800,0.040078152397174,0.0049
"1366",8800,0,0.0049
"1367",8800,0,0.00495
"1368",8800,0.0200390761985874,0.00495
"1369",8800,0.0200390761985874,0.005
"1370",8800,0.040078152397174,0.005
"1371",8800,0.040078152397174,0.00505
"1372",8800,0.0200390761985874,0.00505
"1373",8800,0.0200390761985874,0.0051
"1374",8800,0,0.0051
"1375",8800,0,0.00515
"1376",8800,0.020039076198587,0.00515
"1377",8800,0.020039076198587,0.0052
"1378",8800,0,0.0052
"1379",8800,0,0.00525
"1380",8800,0,0.00525
"1381",8800,0,0.0053
"1382",8800,0,0.0053
"1383",8800,0,0.00535
"1384",8800,0,0.00535
"1385",8800,0,0.0054
"1386",8800,0,0.0054
"1387",8800,0,0.00545
"1388",8800,0,0.00545
"1389",8800,0,0.0055
"1390",8800,0,0.0055
"1391",8800,0,0.00555
"1392",8800,0,0.00555
"1393",8800,0,0.0056
"1394",8800,0,0.0056
"1395",8800,0,0.00565
"1396",8800,0,0.00565
"1397",8800,0,0.0057
"1398",8800,0,0.0057
"1399",8800,0,0.00575
"1400",8800,0,0.00575
"1401",8800,0,0.0058
"1402",8800,0,0.0058
"1403",8800,0,0.00585
"1404",8800,0,0.00585
"1405",8800,0,0.0059
"1406",8800,0,0.0059
"1407",8800,0,0.00595
"1408",8800,0,0.00595
"1409",8800,0,0.006
"1410",8800,0,0.006
"1411",8800,0,0.00605
"1412",8800,0,0.00605
"1413",8800,0,0.0061
"1414",8800,0,0.0061
"1415",8800,0,0.00615
"1416",8800,0,0.00615
"1417",8800,0,0.0062
"1418",8800,0,0.0062
"1419",8800,0,0.00625
"1420",8800,0,0.00625
"1421",8800,0,0.0063
"1422",8800,0,0.0063
"1423",8800,0,0.00635
"1424",8800,0,0.00635
"1425",8800,0,0.0064
"1426",8800,0,0.0064
"1427",8800,0,0.00645
"1428",8800,0,0.00645
"1429",8800,0,0.0065
"1430",8800,0,0.0065
"1431",8800,0,0.00655
"1432",8800,0,0.00655
"1433",8800,0,0.0066
"1434",8800,0,0.0066
"1435",8800,0,0.00665
"1436",8800,0,0.00665
"1437",8800,0,0.0067
"1438",8800,0,0.0067
"1439",8800,0,0.00675
"1440",8800,0,0.00675
"1441",8800,0,0.0068
"1442",8800,0,0.0068
"1443",8800,0,0.00685
"1444",8800,0,0.00685
"1445",8800,0,0.0069
"1446",8800,0,0.0069
"1447",8800,0,0.00695
"1448",8800,0,0.00695
"1449",8800,0,0.007
"1450",8800,0,0.007
"1451",8800,0,0.00705
"1452",8800,0,0.00705
"1453",8800,0,0.0071
"1454",8800,0,0.0071
"1455",8800,0,0.00715
"1456",8800,0,0.00715
"1457",8800,0,0.0072
"1458",8800,0,0.0072
"1459",8800,0,0.00725
"1460",8800,0,0.00725
"1461",11000,0,0
"1462",11000,929.672862081057,0
"1463",11000,929.672862081057,5e-05
"1464",11000,284.67511647713,5e-05
"1465",11000,284.67511647713,1e-04
"1466",11000,256.039276589349,1e-04
"1467",11000,256.039276589349,0.00015
"1468",11000,253.955212664696,0.00015
"1469",11000,253.955212664696,2e-04
"1470",11000,265.557837783678,2e-04
"1471",11000,265.557837783678,0.00025
"1472",11000,277.30073643605,0.00025
"1473",11000,277.30073643605,3e-04
"1474",11000,279.905816341867,3e-04
"1475",11000,279.905816341867,0.00035
"1476",11000,287.360352687741,0.00035
"1477",11000,287.360352687741,4e-04
"1478",11000,294.494263814438,4e-04
"1479",11000,294.494263814438,0.00045
"1480",11000,298.441961825559,0.00045
"1481",11000,298.441961825559,5e-04
"1482",11000,302.910675817845,5e-04
"1483",11000,302.910675817845,0.00055
"1484",11000,315.114473222784,0.00055
"1485",11000,315.114473222784,6e-04
"1486",11000,326.396473122589,6e-04
"1487",11000,326.396473122589,0.00065
"1488",11000,331.406242172236,0.00065
"1489",11000,331.406242172236,7e-04
"1490",11000,338.920895746706,7e-04
"1491",11000,338.920895746706,0.00075
"1492",11000,343.770352186764,0.00075
"1493",11000,343.770352186764,8e-04
"1494",11000,346.23515855919,8e-04
"1495",11000,346.23515855919,0.00085
"1496",11000,352.407194028355,0.00085
"1497",11000,352.407194028355,9e-04
"1498",11000,358.739542107109,9e-04
"1499",11000,358.739542107109,0.00095
"1500",11000,373.60853664646,0.00095
"1501",11000,373.60853664646,0.001
"1502",11000,367.897399929864,0.001
"1503",11000,367.897399929864,0.00105
"1504",11000,379.580181353639,0.00105
"1505",11000,379.580181353639,0.0011
"1506",11000,384.088973498322,0.0011
"1507",11000,384.088973498322,0.00115
"1508",11000,382.385652021441,0.00115
"1509",11000,382.385652021441,0.0012
"1510",11000,386.67401432794,0.0012
"1511",11000,386.67401432794,0.00125
"1512",11000,391.964330444365,0.00125
"1513",11000,391.964330444365,0.0013
"1514",11000,390.741946796253,0.0013
"1515",11000,390.741946796253,0.00135
"1516",11000,393.407143930664,0.00135
"1517",11000,393.407143930664,0.0014
"1518",11000,394.589449426382,0.0014
"1519",11000,394.589449426382,0.00145
"1520",11000,396.052301988877,0.00145
"1521",11000,396.052301988877,0.0015
"1522",11000,393.427183006864,0.0015
"1523",11000,393.427183006864,0.00155
"1524",11000,393.787886378437,0.00155
"1525",11000,393.787886378437,0.0016
"1526",11000,392.545463654124,0.0016
"1527",11000,392.545463654124,0.00165
"1528",11000,391.262962777417,0.00165
"1529",11000,391.262962777417,0.0017
"1530",11000,392.665698111316,0.0017
"1531",11000,392.665698111316,0.00175
"1532",11000,387.635889985472,0.00175
"1533",11000,387.635889985472,0.0018
"1534",11000,386.774209708931,0.0018
"1535",11000,386.774209708931,0.00185
"1536",11000,378.918891839087,0.00185
"1537",11000,378.918891839087,0.0019
"1538",11000,381.203346525724,0.0019
"1539",11000,381.203346525724,0.00195
"1540",11000,368.558689444416,0.00195
"1541",11000,368.558689444416,0.002
"1542",11000,370.221932768902,0.002
"1543",11000,370.221932768902,0.00205
"1544",11000,360.12223836481,0.00205
"1545",11000,360.12223836481,0.0021
"1546",11000,352.587545714142,0.0021
"1547",11000,352.587545714142,0.00215
"1548",11000,339.70241971845,0.00215
"1549",11000,339.70241971845,0.0022
"1550",11000,329.943389609741,0.0022
"1551",11000,329.943389609741,0.00225
"1552",11000,315.054355994188,0.00225
"1553",11000,315.054355994188,0.0023
"1554",11000,301.047041731375,0.0023
"1555",11000,301.047041731375,0.00235
"1556",11000,289.945393517358,0.00235
"1557",11000,289.945393517358,0.0024
"1558",11000,272.671709834176,0.0024
"1559",11000,272.671709834176,0.00245
"1560",11000,254.476228645861,0.00245
"1561",11000,254.476228645861,0.0025
"1562",11000,241.050047592805,0.0025
"1563",11000,241.050047592805,0.00255
"1564",11000,221.351635689594,0.00255
"1565",11000,221.351635689594,0.0026
"1566",11000,207.123891588597,0.0026
"1567",11000,207.123891588597,0.00265
"1568",11000,192.395170582637,0.00265
"1569",11000,192.395170582637,0.0027
"1570",11000,172.596563298431,0.0027
"1571",11000,172.596563298431,0.00275
"1572",11000,160.773508341265,0.00275
"1573",11000,160.773508341265,0.0028
"1574",11000,143.038925905515,0.0028
"1575",11000,143.038925905515,0.00285
"1576",11000,128.771103652122,0.00285
"1577",11000,128.771103652122,0.0029
"1578",11000,115.825860427834,0.0029
"1579",11000,115.825860427834,0.00295
"1580",11000,103.161164270327,0.00295
"1581",11000,103.161164270327,0.003
"1582",11000,89.1939281599116,0.003
"1583",11000,89.1939281599116,0.00305
"1584",11000,77.8117328791147,0.00305
"1585",11000,77.8117328791147,0.0031
"1586",11000,66.890436350884,0.0031
"1587",11000,66.890436350884,0.00315
"1588",11000,57.8327739091226,0.00315
"1589",11000,57.8327739091226,0.0032
"1590",11000,49.4364009819146,0.0032
"1591",11000,49.4364009819146,0.00325
"1592",11000,41.6812784930614,0.00325
"1593",11000,41.6812784930614,0.0033
"1594",11000,35.4491257953011,0.0033
"1595",11000,35.4491257953011,0.00335
"1596",11000,29.4374029357246,0.00335
"1597",11000,29.4374029357246,0.0034
"1598",11000,26.1509944391563,0.0034
"1599",11000,26.1509944391563,0.00345
"1600",11000,21.0410300085166,0.00345
"1601",11000,21.0410300085166,0.0035
"1602",11000,18.2555984169131,0.0035
"1603",11000,18.2555984169131,0.00355
"1604",11000,13.0855167576774,0.00355
"1605",11000,13.0855167576774,0.0036
"1606",11000,11.7629377285707,0.0036
"1607",11000,11.7629377285707,0.00365
"1608",11000,8.87731075597413,0.00365
"1609",11000,8.87731075597413,0.0037
"1610",11000,6.91348128851264,0.0037
"1611",11000,6.91348128851264,0.00375
"1612",11000,5.57086318320724,0.00375
"1613",11000,5.57086318320724,0.0038
"1614",11000,4.02785431591603,0.0038
"1615",11000,4.02785431591603,0.00385
"1616",11000,3.76734632533439,0.00385
"1617",11000,3.76734632533439,0.0039
"1618",11000,2.44476729622766,0.0039
"1619",11000,2.44476729622766,0.00395
"1620",11000,1.76343870547566,0.00395
"1621",11000,1.76343870547566,0.004
"1622",11000,1.5830870196884,0.004
"1623",11000,1.5830870196884,0.00405
"1624",11000,1.32257902910677,0.00405
"1625",11000,1.32257902910677,0.0041
"1626",11000,0.74144581934772,0.0041
"1627",11000,0.74144581934772,0.00415
"1628",11000,0.420820600170335,0.00415
"1629",11000,0.420820600170335,0.0042
"1630",11000,0.521015981163263,0.0042
"1631",11000,0.521015981163263,0.00425
"1632",11000,0.30058614297881,0.00425
"1633",11000,0.30058614297881,0.0043
"1634",11000,0.160312609588699,0.0043
"1635",11000,0.160312609588699,0.00435
"1636",11000,0.160312609588696,0.00435
"1637",11000,0.160312609588696,0.0044
"1638",11000,0.140273533390112,0.0044
"1639",11000,0.140273533390112,0.00445
"1640",11000,0.100195380992937,0.00445
"1641",11000,0.100195380992937,0.0045
"1642",11000,0.040078152397174,0.0045
"1643",11000,0.040078152397174,0.00455
"1644",11000,0.0601172285957621,0.00455
"1645",11000,0.0601172285957621,0.0046
"1646",11000,0.020039076198587,0.0046
"1647",11000,0.020039076198587,0.00465
"1648",11000,0.0400781523971747,0.00465
"1649",11000,0.0400781523971747,0.0047
"1650",11000,0.0200390761985874,0.0047
"1651",11000,0.0200390761985874,0.00475
"1652",11000,0.020039076198587,0.00475
"1653",11000,0.020039076198587,0.0048
"1654",11000,0.0200390761985874,0.0048
"1655",11000,0.0200390761985874,0.00485
"1656",11000,0,0.00485
"1657",11000,0,0.0049
"1658",11000,0,0.0049
"1659",11000,0,0.00495
"1660",11000,0,0.00495
"1661",11000,0,0.005
"1662",11000,0,0.005
"1663",11000,0,0.00505
"1664",11000,0,0.00505
"1665",11000,0,0.0051
"1666",11000,0,0.0051
"1667",11000,0,0.00515
"1668",11000,0,0.00515
"1669",11000,0,0.0052
"1670",11000,0,0.0052
"1671",11000,0,0.00525
"1672",11000,0,0.00525
"1673",11000,0,0.0053
"1674",11000,0,0.0053
"1675",11000,0,0.00535
"1676",11000,0,0.00535
"1677",11000,0,0.0054
"1678",11000,0,0.0054
"1679",11000,0,0.00545
"1680",11000,0,0.00545
"1681",11000,0,0.0055
"1682",11000,0,0.0055
"1683",11000,0,0.00555
"1684",11000,0,0.00555
"1685",11000,0,0.0056
"1686",11000,0,0.0056
"1687",11000,0,0.00565
"1688",11000,0,0.00565
"1689",11000,0,0.0057
"1690",11000,0,0.0057
"1691",11000,0,0.00575
"1692",11000,0,0.00575
"1693",11000,0,0.0058
"1694",11000,0,0.0058
"1695",11000,0,0.00585
"1696",11000,0,0.00585
"1697",11000,0,0.0059
"1698",11000,0,0.0059
"1699",11000,0,0.00595
"1700",11000,0,0.00595
"1701",11000,0,0.006
"1702",11000,0,0.006
"1703",11000,0,0.00605
"1704",11000,0,0.00605
"1705",11000,0,0.0061
"1706",11000,0,0.0061
"1707",11000,0,0.00615
"1708",11000,0,0.00615
"1709",11000,0,0.0062
"1710",11000,0,0.0062
"1711",11000,0,0.00625
"1712",11000,0,0.00625
"1713",11000,0,0.0063
"1714",11000,0,0.0063
"1715",11000,0,0.00635
"1716",11000,0,0.00635
"1717",11000,0,0.0064
"1718",11000,0,0.0064
"1719",11000,0,0.00645
"1720",11000,0,0.00645
"1721",11000,0,0.0065
"1722",11000,0,0.0065
"1723",11000,0,0.00655
"1724",11000,0,0.00655
"1725",11000,0,0.0066
"1726",11000,0,0.0066
"1727",11000,0,0.00665
"1728",11000,0,0.00665
"1729",11000,0,0.0067
"1730",11000,0,0.0067
"1731",11000,0,0.00675
"1732",11000,0,0.00675
"1733",11000,0,0.0068
"1734",11000,0,0.0068
"1735",11000,0,0.00685
"1736",11000,0,0.00685
"1737",11000,0,0.0069
"1738",11000,0,0.0069
"1739",11000,0,0.00695
"1740",11000,0,0.00695
"1741",11000,0,0.007
"1742",11000,0,0.007
"1743",11000,0,0.00705
"1744",11000,0,0.00705
"1745",11000,0,0.0071
"1746",11000,0,0.0071
"1747",11000,0,0.00715
"1748",11000,0,0.00715
"1749",11000,0,0.0072
"1750",11000,0,0.0072
"1751",11000,0,0.00725
"1752",11000,0,0.00725
